contact_id,email,first_name,last_name
4661,cecilia.velasco@rodrigues.fr,Cecilia,V
3765,mariana.ellis@rossi.org,Mariana,E
4187,sofie.woods@riviere.com,Sofie,W
4941,jeanette.iannotti@yahoo.com,Jeanette,Ia
2199,samuel.sorgatz@gmail.com,Samuel,S
5650,socorro.luna@hotmail.com,Socorro,L
5889,carolina.murray@knight.com,Carolina,M
4842,kayla.moon@yahoo.de,Kayla,M
3280,ariadna.geisel@rangel.com,Ariadna,G
5468,danielle.ladeck@scalfaro.net,Danielle,La
3064,tatiana.thompson@hunt.net,Tatiana,T
4904,caleb.benavides@rubio.com,Caleb,B
1299,sandra.hardy@web.de,Sandra,Ha
5602,lotti.morris@yahoo.co.uk,Lotti,M
5753,reinhilde.white@voila.fr,Reinhilde,W
4495,kerry.patel@hutchinson.com,Kerry,Pa
4269,sophie.antoine@andersen.com,Sophie,A
2226,martha.girard@web.de,Martha,G
1558,stephanie.king@cervantes.com,Stephanie,K
2307,amanda.palmer@didier.fr,Amanda,Pa
2900,lina.alcala@vespa.net,Lina,A
5695,itzel.murphy@muelichen.de,Itzel,M
5708,filippo.parry@live.com,Filippo,Pa
1663,katelyn.cole@fiebig.com,Katelyn,C
3605,brian.novak@ford.net,Brian,N
4678,cilly.gay@callegaro.it,Cilly,Ga
2251,yolanda.snyder@gmx.de,Yolanda,S
6202,evelin.odonnell@ibarra.net,Evelin,O
3715,ingeborg.alba@hotmail.com,Ingeborg,A
4242,marina.madrid@galarza-alba.com,Marina,Ma
4326,sheila.goodwin@yahoo.com,Sheila,G
5560,valeria.rich@turchetta-mondadori.it,Valeria,R
4002,dustin.camacho@rhodes.org.au,Dustin,Ca
3813,amalia.marenzio@grupo.com,Amalia,Ma
5336,gian.long@hotmail.com,Gian,L
4994,stewart.hunt@anderson-vargas.biz,Stewart,H
1471,greca.ruiz@carr.co.uk,Greca,R
4482,gerald.olivera@outlook.com,Gerald,O
3241,jaqueline.wallace@gmail.com,Jaqueline,Wa
3477,john.lane@gregoire.fr,John,La
2265,pero.joly@bernard.net,Pero,J
5911,chad.turner@gmail.com,Chad,T
2288,adam.zavala@guichard.fr,Adam,Za
4064,tyler.rivera@guajardo-ozuna.com,Tyler,R
1294,jens.graham@jones-buckley.com,Jens,G
5008,virginia.caetani@sosa.biz,Virginia,Ca
3604,martino.wagner@laposte.net,Martino,Wa
3263,martin.meyer@davis.co.uk,Martin,M
5631,marguerite.walls@martinez.fr,Marguerite,Wa
2851,peter.vogt@yahoo.com,Peter,V
3714,nicholas.christian@hotmail.de,Nicholas,C
1664,susi.steinberg@preiss.com,Susi,S
5027,tammy.ramazzotti@gmail.com,Tammy,Ra
3070,abdul.thomas@vasari.com,Abdul,T
4248,justin.luxardo@googlemail.com,Justin,L
2034,antonio.gibson@faust.net,Antonio,G
4085,jeremy.gomez@oconnor.org,Jeremy,G
3569,raymond.solorzano@gmail.com,Raymond,S
3889,flora.harris@hotmail.com.au,Flora,Ha
3136,cheryl.boyd@segni.it,Cheryl,B
2103,rhys.leiva@gmx.de,Rhys,L
2329,mariano.prieto@vodafone.it,Mariano,P
3325,laurie.fibonacci@gmail.com,Laurie,F
3131,david.rudolph@nelson.com,David,R
4995,bryan.ross@yahoo.com,Bryan,R
3631,ubaldo.brown@philippe.com,Ubaldo,B
5373,clelia.faulkner@hotmail.com,Clelia,Fa
3126,sara.erickson@yahoo.de,Sara,E
2194,rupert.valle@filogamo.it,Rupert,Va
2906,puccio.kitzmann@yahoo.com,Puccio,K
2611,thomas.hutchinson@gmx.de,Thomas,H
2374,abelardo.castro@gmail.com,Abelardo,Ca
3254,greco.walker@yahoo.com,Greco,Wa
3571,miranda.lacombe@longoria-vanegas.net,Miranda,La
2812,diana.schuchhardt@libero.it,Diana,S
3961,stacey.knox@corporacin.com,Stacey,K
3872,glen.faivre@yahoo.com,Glen,Fa
4736,andrew.torres@ruiz-torres.org,Andrew,T
5119,denny.fritz@despacho.biz,Denny,F
5725,martyn.caldera@hotmail.co.uk,Martyn,Ca
4037,abigail.foster@taylor.net,Abigail,F
2109,anthony.hauffer@tlustek.org,Anthony,Ha
3283,roger.gerlach@may-mitchell.co.uk,Roger,G
6181,christopher.poirier@hotmail.com,Christopher,P
3251,branka.traore@jacobi.com,Branka,T
3443,briana.etienne@bishop-coates.com,Briana,E
2988,brandon.olson@prince-moreno.net,Brandon,O
1673,celia.ungaretti@fox.com,Celia,U
2085,barbara.guibert@casares-sanches.com,Barbara,G
1672,daniela.bell@vollbrecht.org,Daniela,B
4426,phyllis.gurule@rodriguez-pham.com,Phyllis,G
3211,alejandra.joseph@escalante-abrego.biz,Alejandra,J
3190,giulio.bohlander@dbmail.com,Giulio,B
2081,amber.weller@toso.eu,Amber,W
3185,mary.etzold@conrad-harrison.com,Mary,E
5044,amy.georges@raedel.de,Amy,G
1883,jennifer.giraud@yahoo.com,Jennifer,G
2067,rosie.peltier@voila.fr,Rosie,P
4604,oreste.ward@proyectos.com,Oreste,Wa
3203,luis.edwards@live.com,Luis,E
5758,fiona.griffiths@curatoli-verdone.it,Fiona,G
5755,sally.raya@tarchetti.it,Sally,Ra
5150,carolyn.charpentier@hotmail.de,Carolyn,C
4181,nathalie.alvarez@live.com,Nathalie,A
3006,abril.lowery@novak.net,Abril,L
4865,ottone.sullivan@hussain-kaur.com,Ottone,S
2862,esmeralda.sollima@visintini.it,Esmeralda,S
6070,silvia.gierschner@tele2.it,Silvia,G
5300,kyle.cunningham@voila.fr,Kyle,C
3486,anel.carpentier@klein-joseph.org,Anel,Ca
5989,sarah.davis@david.com,Sarah,Da
2849,luke.klein@hotmail.com,Luke,K
1612,gudrun.mueller@dillon-fuller.info,Gudrun,M
3307,melissa.canali@libero.it,Melissa,Ca
5288,gabrielle.ayala@hotmail.com,Gabrielle,A
6026,laura.buckley@ryan.org,Laura,B
2212,wilfrido.lorch@leclerc.fr,Wilfrido,L
4591,robert.bruder@manzoni.com,Robert,B
2771,phillip.soliz@outlook.com,Phillip,S
5682,alex.smith@fournier.fr,Alex,S
5368,jessica.martinez@salieri.com,Jessica,Ma
3706,kelly.carter@hotmail.com.au,Kelly,Ca
4034,ahmad.sosa@gmail.com,Ahmad,S
3209,toralf.iglesias@borrego.com,Toralf,I
2384,irene.anichini@yahoo.com,Irene,A
3074,alicia.cainero@yahoo.com,Alicia,Ca
2031,tracey.laboy@bell.biz,Tracey,La
5873,donald.reynaud@green.edu.au,Donald,R
5501,venancio.stadelmann@gmx.de,Venancio,S
3489,seth.olivier@yahoo.com,Seth,O
4210,dennis.boaga@gmx.de,Dennis,B
6151,pedro.wilson@outlook.com,Pedro,W
6047,roland.weihmann@gmail.com,Roland,W
5445,hector.morrison@web.de,Hector,M
5493,evangelos.peters@sanchez.net,Evangelos,P
6036,gerardo.hamilton@libero.it,Gerardo,Ha
2368,meta.cuzzocrea@howard-jensen.org,Meta,C
1501,alma.raymond@tin.it,Alma,Ra
4351,kathleen.solimena@wallace.biz,Kathleen,S
3096,zacharie.cordier@gmail.com,Zacharie,C
6162,riza.techer@yahoo.com,Riza,T
1433,enrique.guillen@hotmail.co.uk,Enrique,G
2720,tristan.weeks@pena.com,Tristan,W
5251,natalie.lerma@boucher.com,Natalie,L
1797,rodney.hamon@hotmail.com,Rodney,Ha
1656,adalberto.lombardo@sfr.fr,Adalberto,L
1346,florencia.querini@gmail.com,Florencia,Q
2989,liam.rolland@yahoo.fr,Liam,R
5629,ian.kelly@reeves.com.au,Ian,K
3456,mehdi.todd@web.de,Mehdi,T
3229,rembrandt.liguori@davis.org,Rembrandt,L
2277,irmi.schweitzer@ozuna.com,Irmi,S
1276,gioffre.stein@hotmail.com.au,Gioffre,S
3694,frida.villarreal@hotmail.de,Frida,V
2260,steffen.mangold@paul.net,Steffen,Ma
5374,elias.marin@herve.net,Elias,Ma
4420,roman.gonzalez@anderson.net,Roman,G
3849,reina.middleton@hotmail.com,Reina,M
1638,sandro.moran@hotmail.de,Sandro,M
5230,gebhard.thanel@gmail.com,Gebhard,T
1763,antonino.bolander@gmail.com,Antonino,B
4323,karl.trevisani@anguissola.it,Karl,T
5256,silvester.brookes@franco.org,Silvester,B
4836,octavio.pratt@web.de,Octavio,P
5981,rebecca.greer@hotmail.com,Rebecca,G
1463,pierina.gaggini@free.fr,Pierina,Ga
4577,robin.schleich@rogers-barrera.biz,Robin,S
4951,sergio.abbott@moore.net.au,Sergio,A
3567,gilberto.evans@salcedo-archuleta.net,Gilberto,E
5475,james.elliott@gmail.com,James,E
2114,timoteo.bolnbach@laboratorios.com,Timoteo,B
5216,tonino.stanley@hotmail.com,Tonino,S
1665,margaretha.murialdo@meunier.com,Margaretha,M
6051,bianca.drubin@libero.it,Bianca,D
3983,kaylee.hoffmann@poulain.com,Kaylee,H
2966,teresa.vecellio@yahoo.com,Teresa,V
4478,emine.tacchini@dbmail.com,Emine,Ta
4238,dawn.cortez@gmail.com,Dawn,C
4404,emily.cundari@clark.com.au,Emily,C
5666,eleanor.hall@hotmail.com,Eleanor,Ha
3691,monique.delgadillo@hotmail.co.uk,Monique,D
2703,arnaude.warner@gmail.com,Arnaude,Wa
4253,jason.howell@gmx.de,Jason,H
5652,nicole.mccullough@hall.com,Nicole,M
3279,rosmarie.esquibel@bouygtel.fr,Rosmarie,E
3233,leonor.ferreira@gmail.com,Leonor,F
3017,brett.jones@alice.it,Brett,J
3482,nino.bien@gmail.com,Nino,B
2166,jemma.tate@hotmail.de,Jemma,Ta
4146,denis.rogers@poste.it,Denis,R
2651,vanesa.khan@voila.fr,Vanesa,K
1409,victoria.ojeda@doehn.com,Victoria,O
3717,eugenio.martin@yahoo.de,Eugenio,Ma
3963,nancy.hayes@hotmail.com,Nancy,Ha
2152,lara.jacob@buckley.org,Lara,Ja
2974,gino.hernandez@covarrubias.com,Gino,H
1268,vicente.tijerina@montanariello.com,Vicente,T
1822,michele.brambilla@yahoo.com,Michele,B
5066,dana.ritacca@gmail.com,Dana,R
5075,mitchell.bachmann@suarez-cruz.com,Mitchell,Ba
3855,vincenza.key@adams.com,Vincenza,K
5923,salvador.gaillard@yahoo.de,Salvador,Ga
1867,diane.rogner@kelly.co.uk,Diane,R
4376,josette.laine@saracino-parisi.net,Josette,La
2785,courtney.fiebig@doerschner.com,Courtney,F
5884,hugues.oliver@stiffel.com,Hugues,O
2441,espartaco.willis@hotmail.com,Espartaco,W
1243,flavia.yoder@hotmail.de,Flavia,Y
3411,casey.flores@baggio.org,Casey,F
2467,calogero.cross@mercantini.it,Calogero,C
1850,charles.begum@laboratorios.info,Charles,B
2604,adina.pollard@outlook.com,Adina,P
1693,natasha.lara@outlook.com,Natasha,La
2969,benita.pottier@sfr.fr,Benita,P
1544,elizabeth.valdivia@gmail.com,Elizabeth,Va
4149,mattia.huet@aol.de,Mattia,H
3463,geza.howard@voila.fr,Geza,H
2939,lauren.guillaume@sorgatz.org,Lauren,G
2202,joanna.baxter@bruce-wright.com,Joanna,Ba
1728,tracy.metz@bryant.info,Tracy,M
5362,birgit.pena@armellini.it,Birgit,P
4840,elvira.papafava@ifrance.com,Elvira,Pa
2955,ernest.delorme@dowerg.de,Ernest,D
5354,christy.grossi@alarcon-tafoya.com,Christy,G
3847,hermelinda.olmos@portillo.com,Hermelinda,O
3025,herbert.fraser@holloway.org.au,Herbert,F
1615,giancarlo.heydrich@hotmail.com,Giancarlo,H
5154,constance.maldonado@spiess.net,Constance,Ma
5005,giampiero.carlier@hotmail.com,Giampiero,Ca
1349,carlo.jacquot@hotmail.com,Carlo,Ja
3670,gabriel.robles@yahoo.com,Gabriel,R
2912,gerd.gunpf@gmail.com,Gerd,G
4336,ashley.hellwig@libero.it,Ashley,H
5576,patrick.rosas@yahoo.com,Patrick,R
2736,lilla.leonard@jungfer.com,Lilla,L
3321,tony.nicolas@morrocco-seddio.net,Tony,N
3353,allegra.benedetti@miller.com,Allegra,B
2336,camille.tafuri@aol.de,Camille,Ta
4369,juan.wheeler@gilmore.net,Juan,W
4464,leopoldo.johnson@hotmail.com.au,Leopoldo,J
5626,dietmar.grenier@tele2.it,Dietmar,G
1669,leonid.scholl@collin.com,Leonid,S
5544,olivie.contarini@marshall-wright.biz,Olivie,C
6078,jeffery.lacroix@medina.org,Jeffery,La
2580,edeltraud.chavez@hotmail.com.au,Edeltraud,C
3592,mesut.morvan@gmail.com,Mesut,M
4914,gregory.jackson@ortiz.com,Gregory,Ja
3848,nicola.rossi@berry.org,Nicola,R
2619,eddie.collazo@gmail.com,Eddie,C
4605,philippe.gardner@howells-jones.net,Philippe,Ga
6147,roy.fox@tejeda.com,Roy,F
1383,heiderose.garcia@noos.fr,Heiderose,Ga
1757,claudine.rowley@industrias.com,Claudine,R
4390,astrid.roht@fastwebnet.it,Astrid,R
4165,auguste.burnett@yahoo.fr,Auguste,B
4529,pellegrino.allen@gmail.com,Pellegrino,A
6084,angela.bowers@laboratorios.com,Angela,B
2916,michael.descamps@gmail.com,Michael,D
2005,heidelore.kennedy@guinizzelli.org,Heidelore,K
2261,lucrezia.koch@petit.com,Lucrezia,K
5342,ivan.accardo@web.de,Ivan,A
4087,karen.avogadro@yahoo.com,Karen,A
2761,laetitia.gallet@aubry.org,Laetitia,Ga
2908,amico.gosselin@shaw.info,Amico,G
2155,ilaria.bowen@hotmail.it,Ilaria,B
5642,marlen.coardi@colletti.eu,Marlen,C
6217,rafael.alexander@jenkins.com,Rafael,A
4222,herma.gabbana@hotmail.com,Herma,Ga
4798,zachary.vespucci@industrias.com,Zachary,V
5660,marisol.richard@gmail.com,Marisol,R
5000,joseph.glover@laposte.net,Joseph,G
2809,lauretta.neal@hotmail.de,Lauretta,N
3349,simone.sauvage@yahoo.com,Simone,Sa
3647,ramona.brooks@kensy.de,Ramona,B
5745,gioele.schwital@moody.com,Gioele,S
2583,elena.jimenez@yahoo.com.au,Elena,J
5441,pam.vargas@guillot.net,Pam,Va
2090,alison.morales@lewis.com,Alison,M
3386,marc.aumann@holland.com,Marc,A
1816,carla.butler@yahoo.com,Carla,B
4718,dionigi.bruce@industrias.com,Dionigi,B
1677,frank.henry@yahoo.com,Frank,H
4218,brent.pons@proyectos.net,Brent,P
4548,patricia.liebelt@baca.org,Patricia,L
1431,micheletto.sykes@thompson-thompson.com,Micheletto,S
2830,rose.blanc@grupo.com,Rose,B
4400,vincent.singh@gmail.com,Vincent,S
5773,jamie.peacock@interiano-nordio.com,Jamie,P
4161,giorgia.dijoux@paul.com,Giorgia,D
2062,serena.piacentini@yahoo.de,Serena,P
3458,dimitri.posada@gmail.com,Dimitri,P
3174,alexa.barillaro@ramos.net,Alexa,Ba
5565,megan.kuhl@despacho.com,Megan,K
1906,kaitlyn.farinelli@outlook.com,Kaitlyn,Fa
5479,jonathan.castellitto@libero.it,Jonathan,Ca
4320,lisa.terragni@proyectos.com,Lisa,T
4213,olivier.petrucelli@letta-raurica.eu,Olivier,P
3373,jos.trobbiani@samson.com,Jos,T
4184,mirjam.dawson@yahoo.com,Mirjam,Da
5472,javier.tessier@mclaughlin.biz,Javier,T
5559,mirjana.collins@hotmail.com,Mirjana,C
5419,vanessa.tschentscher@mitchell.com,Vanessa,T
4171,antonina.cobb@gibson.org,Antonina,C
1302,bernard.durand@royer.com,Bernard,D
3520,corey.greggio@johnson.org.au,Corey,G
6010,rodolfo.couturier@tim.it,Rodolfo,C
4617,pierre.cardenas@luzi-bonomo.eu,Pierre,Ca
1417,romeo.surian@batista.com,Romeo,S
4770,ivo.moreno@hotmail.com,Ivo,M
4328,federico.marie@jourdan.fr,Federico,Ma
5171,maggie.boito@yahoo.com,Maggie,B
4394,brianna.hanson@stanley.com,Brianna,Ha
1794,heiko.bourgeois@togliatti.com,Heiko,B
3510,benito.gritti@gmail.com,Benito,G
2487,mitzy.junk@zaragoza.com,Mitzy,J
2215,samantha.lowe@praga.it,Samantha,L
4136,ernesto.nerger@middleton.co.uk,Ernesto,N
3723,melinda.canova@orange.fr,Melinda,Ca
5842,mohammad.hartung@hotmail.com,Mohammad,Ha
3289,ben.maillot@ramos.net,Ben,Ma
1249,isabel.pruschke@gmail.com,Isabel,P
5409,linda.franceschi@richards.net,Linda,F
2951,olivia.striebitz@gmail.com,Olivia,S
3432,penny.watson@matthews.net,Penny,Wa
2297,manfred.james@davies.org,Manfred,Ja
6161,hazel.pierce@outlook.com,Hazel,P
4603,alf.bates@dunn.com,Alf,Ba
5818,scott.gough@industrias.com,Scott,G
4270,konrad.briones@fierro.com,Konrad,B
6007,mathilde.kruschwitz@yahoo.com,Mathilde,K
4084,irma.gemito@googlemail.com,Irma,G
1340,antoine.guyon@yahoo.com,Antoine,G
5675,william.gibilisco@gaillard.com,William,G
2010,judith.butte@fischer-vaughn.info,Judith,B
6201,joanne.henderson@gmail.com,Joanne,H
1791,ludovica.arellano@morandi-argento.com,Ludovica,A
3314,catherine.gray@hotmail.com,Catherine,G
5852,franco.fioravanti@barry-gill.com.au,Franco,F
4618,heather.zimmer@bluemel.de,Heather,Z
2618,hortense.taylor@chambers.biz,Hortense,Ta
4967,livia.ernst@colas.fr,Livia,E
4594,toby.etzler@industrias.com,Toby,E
2080,ennio.leoncavallo@sanchez.org,Ennio,L
2793,philippine.vaca@hotmail.com,Philippine,Va
4890,rhonda.phillips@yahoo.com,Rhonda,P
3528,alphonse.nitto@voila.fr,Alphonse,N
5810,karina.arreola@yahoo.com.au,Karina,A
5720,denise.wood@mantegna.com,Denise,W
4593,burghard.rosenow@hotmail.com,Burghard,R
3186,friedl.powell@laposte.net,Friedl,P
5136,benjamin.schultz@rivero-davila.com,Benjamin,S
2646,rachel.ulibarri@schueler.com,Rachel,U
3460,silvano.blanchet@yahoo.com,Silvano,B
4345,kurt.sauer@almanza.biz,Kurt,Sa
2690,nayeli.gehringer@hotmail.com,Nayeli,G
4025,imelda.guerin@stumpf.net,Imelda,G
4524,zbigniew.holmes@stiffel.net,Zbigniew,H
3978,adela.alfonsi@despacho.com,Adela,A
3910,hilary.clark@libero.it,Hilary,C
5825,kornelius.molina@heuser.com,Kornelius,M
3564,christian.anderson@tim.it,Christian,A
2396,francisco.dorsey@tiscali.fr,Francisco,D
2140,walli.albert@dussen.com,Walli,A
3079,siegrun.mota@matthews-montoya.org.au,Siegrun,M
2017,alberico.herve@beer.net,Alberico,H
5444,serafina.bonnin@mendes.com,Serafina,B
2216,marcelle.bender@edwards-robinson.info,Marcelle,B
1241,hartmuth.robertson@thomas.edu.au,Hartmuth,R
1484,herlinde.george@free.fr,Herlinde,G
3475,pamela.payne@yahoo.com,Pamela,Pa
4333,gastone.beyer@stewart-sanchez.edu,Gastone,B
5657,lydia.berengario@aol.de,Lydia,B
2527,lucy.davidson@tele2.it,Lucy,Da
5967,franck.wade@gute.org,Franck,Wa
5698,heidi.barker@gmail.com,Heidi,Ba
3331,arnaldo.ocasio@hotmail.com,Arnaldo,O
3841,francis.bernier@rodriguez.com,Francis,B
6105,johanne.strong@yahoo.de,Johanne,S
3895,debra.langlois@schmiedecke.com,Debra,La
1891,reingard.kambs@sagese.eu,Reingard,Ka
1281,mauro.ortiz@oquendo.net,Mauro,O
4186,griselda.carranza@krause.de,Griselda,Ca
2511,janet.madrigal@gmail.com,Janet,Ma
4272,jenna.day@reed.com,Jenna,Da
3533,modesto.wright@pareto.com,Modesto,W
3618,alice.wall@zaccardo.it,Alice,Wa
2177,brenda.sontag@solari.com,Brenda,S
4102,sergius.mace@palazzo.com,Sergius,Ma
6089,antonia.kline@gmail.com,Antonia,K
4701,maurice.gumprich@griffin.net.au,Maurice,G
5645,daniel.anders@yahoo.com,Daniel,A
4499,zaira.cattaneo@yahoo.com,Zaira,Ca
3365,alessio.bruneau@hotmail.co.uk,Alessio,B
2290,gerdi.guerrero@tele2.fr,Gerdi,G
1890,brigitte.stiebitz@gmail.com,Brigitte,S
1304,june.sinisi@manzoni-giannini.it,June,S
3799,carl.macias@yahoo.com,Carl,Ma
2749,veronica.trapp@tiscali.it,Veronica,T
2028,frances.garnier@aporti-guidotti.org,Frances,Ga
2383,terri.iannelli@hotmail.com,Terri,Ia
5721,odette.moore@hall.edu,Odette,M
1394,mercedes.trujillo@aol.de,Mercedes,T
3451,babette.dumas@brady.net,Babette,D
5512,jerry.santiago@soprano-ferragni.it,Jerry,Sa
2453,ronald.simpson@ovadia.net,Ronald,S
6055,emmanuel.dominguez@gmail.com,Emmanuel,D
5704,christiane.ricciardi@zavala.com,Christiane,R
3707,ingolf.zamora@yahoo.com.au,Ingolf,Za
2205,rita.sharp@beard-scott.edu.au,Rita,S
5976,geraldine.cabrera@green-smith.info,Geraldine,Ca
3290,chantal.armas@jenkins.net,Chantal,A
4257,louis.gilbert@gmail.com,Louis,G
4588,michelle.collier@peruzzi.it,Michelle,C
4785,guillermina.nicholson@grondin.fr,Guillermina,N
3033,bertrand.hopkins@gmail.com,Bertrand,H
2779,alonso.palomo@gehringer.de,Alonso,Pa
2131,tina.rodriguez@web.de,Tina,R
6229,eva.francis@parker.org,Eva,F
3429,ottavio.rust@crespi.com,Ottavio,R
1613,amelia.olvera@hotmail.com,Amelia,O
4734,paul.palladio@mclaughlin.net.au,Paul,Pa
4439,bernardo.wieloch@budig.com,Bernardo,W
1441,umberto.hicks@hill.com,Umberto,H
5799,janko.bishop@tim.it,Janko,B
1419,jessika.meunier@gmx.de,Jessika,M
3059,isaac.benard@googlemail.com,Isaac,B
3224,alexandrie.lambert@yahoo.com,Alexandrie,La
3181,roberto.guyot@bennett.com,Roberto,G
6061,giulietta.lucas@club.com,Giulietta,L
4466,damaris.pininfarina@gmail.com,Damaris,P
6081,fabrizia.renard@higgins-marks.com,Fabrizia,R
2159,camillo.dehmel@brown-campbell.com,Camillo,D
3324,ruggero.parpinel@gmail.com,Ruggero,Pa
3176,stephen.pratesi@hotmail.com,Stephen,P
5874,ludger.naccari@ingram.biz,Ludger,Na
5110,meryem.tapia@yahoo.com,Meryem,Ta
5490,jasmine.juvara@yahoo.com.au,Jasmine,J
1922,victoire.travaglia@zacchia.com,Victoire,T
4398,adrian.noel@perrin.com,Adrian,N
4754,marvin.howe@gmail.com,Marvin,H
3309,hanne.kidd@yahoo.com,Hanne,K
1244,donatello.millet@fritsch.net,Donatello,M
2892,eloisa.pascarella@gmail.com,Eloisa,Pa
2777,erica.zambrano@gmail.com,Erica,Za
4952,paula.canales@gilmore-guerrero.com,Paula,Ca
5144,claudia.bernard@mazzanti.it,Claudia,B
5487,paulina.miller@lewis-barker.com,Paulina,M
1932,kathrin.godfrey@tele2.fr,Kathrin,G
3364,pina.passalacqua@yahoo.co.uk,Pina,Pa
5165,julien.miles@stevens-rose.com,Julien,M
3858,suzanne.benigni@mennea-morlacchi.com,Suzanne,B
4666,annalisa.pugh@hotmail.fr,Annalisa,P
2896,mathew.maestas@casas-garrido.com,Mathew,Ma
4520,laszlo.vallee@verdier.com,Laszlo,Va
5726,helen.polanco@hotmail.com,Helen,P
5661,mateo.sorrentino@calderon.com,Mateo,S
4765,eric.barnes@barrett-winter.com,Eric,Ba
3710,dragica.west@yahoo.com.au,Dragica,W
4925,antje.voisin@gmail.com,Antje,V
1533,stanley.mills@parker-lee.biz,Stanley,M
5264,brandy.meraz@yahoo.com,Brandy,M
4606,conor.reinhardt@yahoo.com.au,Conor,R
2043,gabino.blot@lewis-russell.org,Gabino,B
3871,alvaro.lemus@yahoo.com,Alvaro,L
6205,patrizia.wilms@dbmail.com,Patrizia,W
3193,metin.coulon@ashley.com,Metin,C
1810,reece.valencia@laboy-palomo.com,Reece,Va
4797,troy.schmiedecke@picard.com,Troy,S
1487,wendy.bustos@libero.it,Wendy,B
3474,guglielmo.caldwell@loeffler.com,Guglielmo,Ca
5771,travis.cowan@turner.info,Travis,C
6074,brandi.abbagnale@tele2.fr,Brandi,A
1568,hanno.gollum@smith.com,Hanno,G
4263,jutta.burke@elliott.com,Jutta,B
5850,dorothe.paz@fiebig.de,Dorothe,Pa
5619,desiree.huerta@morris.com,Desiree,H
1904,ilse.bray@venturi.it,Ilse,B
5388,pierpaolo.scaduto@sanders-gibson.com.au,Pierpaolo,S
2150,amedeo.bradford@yahoo.com,Amedeo,B
2653,julia.ali@yahoo.com,Julia,A
2687,catalina.pizzetti@tim.it,Catalina,P
3779,dylan.porzio@yahoo.de,Dylan,P
1494,iris.trincavelli@tiscali.fr,Iris,T
4129,johnathan.guidotti@cox-sanchez.net,Johnathan,G
3035,walburga.vollbrecht@aol.de,Walburga,V
2069,kendra.david@allan-morton.com,Kendra,Da
5469,aleksandr.weiss@blanc.org,Aleksandr,W
3903,cornelio.guardado@gmail.com,Cornelio,G
4083,ferdi.blackburn@christensen.net,Ferdi,B
4003,bill.gallagher@green.com,Bill,Ga
3565,leonard.harvey@hotmail.com,Leonard,Ha
1640,milan.montenegro@langern.com,Milan,M
4769,philip.perez@hotmail.co.uk,Philip,P
3398,kathryn.hentschel@shaw.com,Kathryn,H
1865,xavier.samson@baggio.it,Xavier,Sa
5690,hartwig.roberts@saraceno.net,Hartwig,R
3814,kimberly.chan@gmail.com,Kimberly,C
2942,lorraine.crawford@gmail.com,Lorraine,C
5095,maximiliano.knowles@gmail.com,Maximiliano,K
2878,gabriella.avila@gmail.com,Gabriella,A
3697,rico.mortati@faivre.fr,Rico,M
4744,gail.petrocelli@yahoo.com,Gail,P
2104,liberto.niemeier@germano-dibiasi.it,Liberto,N
4883,luciana.petitjean@patterson-cole.biz,Luciana,P
4807,ron.cavazos@yahoo.com,Ron,Ca
1372,aldo.cibin@gmx.de,Aldo,C
3666,alexandre.serrano@yahoo.co.uk,Alexandre,S
2066,lori.fagotto@hill-anderson.com,Lori,Fa
1834,perla.figueroa@live.com,Perla,F
5853,reginald.hughes@gmail.com,Reginald,H
2219,uriel.holt@gmail.com,Uriel,H
4148,stefano.lemonnier@binner.com,Stefano,L
4477,madeleine.cooper@poste.it,Madeleine,C
1786,alban.barbier@ortiz.org,Alban,Ba
3455,alfonso.finetti@quiroz.com,Alfonso,F
5707,ryan.kim@noos.fr,Ryan,K
5470,augustin.wohlgemut@watson.info,Augustin,W
3274,rolando.bibi@tin.it,Rolando,B
4613,berthold.randall@mcdonald.com,Berthold,Ra
4465,genaro.briand@sfr.fr,Genaro,B
1652,rudolf.jenkins@hotmail.com,Rudolf,J
2100,pauline.ackermann@arredondo-roque.com,Pauline,A
4321,folker.swanson@rodrigues.fr,Folker,S
4168,ashleigh.montez@perry-schneider.com,Ashleigh,M
3733,liliana.barber@libero.it,Liliana,Ba
2594,caridad.carr@huhn.com,Caridad,Ca
3909,lolita.borrego@gmail.com,Lolita,B
5179,gunar.patrick@leroy.com,Gunar,Pa
2228,leokadia.verdier@hotmail.com.au,Leokadia,V
6222,hanna.reid@salas.org,Hanna,R
2354,edelgard.kreusel@hotmail.com,Edelgard,K
1725,svenja.perrin@berger.com,Svenja,P
2960,pierluigi.taccola@gmx.de,Pierluigi,Ta
2077,cilli.watts@yahoo.com,Cilli,Wa
5662,emiliano.wells@gmx.de,Emiliano,W
3481,april.davids@fisher.info,April,Da
2565,dolores.didier@yahoo.com.au,Dolores,D
4436,sylvia.bonomo@poulain.com,Sylvia,B
5072,nelly.marsh@hotmail.it,Nelly,Ma
5200,beth.miniati@hudson.net,Beth,M
4502,renee.merino@gmail.com,Renee,M
4945,hailey.russell@jourdan.org,Hailey,R
3012,raphaela.gotthard@outlook.com,Raphaela,G
6094,pomponio.comencini@hotmail.co.uk,Pomponio,C
3815,leone.richardson@yahoo.com,Leone,R
4838,valentine.acosta@peters.net,Valentine,A
3469,ricciotti.laureano@parsons.com,Ricciotti,La
4874,jacques.heidrich@zamudio-chapa.com,Jacques,H
1792,anne.snow@gmail.com,Anne,S
4356,sonia.volta@gmx.de,Sonia,V
6196,dale.leblanc@stewart.com,Dale,L
3578,alejandro.cruz@hotmail.com,Alejandro,C
4491,elsa.cugia@yahoo.com,Elsa,C
3054,geronimo.pechel@hotmail.com,Geronimo,P
1968,melania.klemm@seidel.com,Melania,K
5869,katherine.cooley@yahoo.com,Katherine,C
5858,guillermo.larsen@yahoo.com,Guillermo,La
5203,jill.barrios@gmail.com,Jill,Ba
2577,austin.musatti@tin.it,Austin,M
3216,jacinto.rose@yahoo.com,Jacinto,R
2037,lucie.redi@googlemail.com,Lucie,R
3867,tania.chapman@remy.com,Tania,C
5109,alexandria.best@yahoo.co.uk,Alexandria,B
1376,edward.scott@yahoo.com,Edward,S
5260,jake.wiley@outlook.com,Jake,W
2350,claudio.reuter@morgan-collins.org.au,Claudio,R
2269,laure.traetta@kay-perkins.co.uk,Laure,T
3650,magarete.valentin@yahoo.com,Magarete,Va
3934,paige.hill@jones.org.au,Paige,H
4048,fulvio.curiel@reynolds.com,Fulvio,C
4266,thibaut.camarillo@hotmail.com,Thibaut,Ca
3863,romana.blanchard@googlemail.com,Romana,B
4922,thibault.savorgnan@butler.biz,Thibault,Sa
4517,alexander.pausini@gonzalez.info,Alexander,Pa
3259,pierangelo.scholtz@lefevre.com,Pierangelo,S
3123,emmanuelle.keller@morton-clarke.com,Emmanuelle,K
3870,isabella.deleon@web.de,Isabella,D
2996,timothy.weitzel@gmail.com,Timothy,W
2993,alfredo.ingram@hotmail.com,Alfredo,I
4556,francesca.kade@luna-rael.org,Francesca,Ka
2326,tonia.coleman@hotmail.com,Tonia,C
4109,gottfried.barbe@hotmail.com,Gottfried,Ba
5739,jeffrey.trommler@yahoo.com,Jeffrey,T
5887,giacobbe.owens@huet.fr,Giacobbe,O
1651,conchita.pagliaro@googlemail.com,Conchita,Pa
1628,kevin.delahaye@ellis-wilson.com,Kevin,D
2642,rouven.ovadia@gmail.com,Rouven,O
6020,piermaria.laporte@wesack.com,Piermaria,La
4747,karolin.johann@hotmail.com,Karolin,J
5534,steven.folliero@noos.fr,Steven,F
4790,livio.rosselli@green.co.uk,Livio,R
4632,gaetano.leonardi@despacho.com,Gaetano,L
1952,cynthia.robinson@gilles.net,Cynthia,R
4388,eleni.aponte@club-internet.fr,Eleni,A
5529,noelia.romo@yahoo.com,Noelia,R
1316,evelyn.haynes@clark.info,Evelyn,Ha
1670,katharine.zaccagnini@hotmail.com,Katharine,Za
4909,lea.merle@stey.de,Lea,M
3401,marta.huynh@hernandez.info,Marta,H
4619,amador.riley@hotmail.com,Amador,R
4722,julie.coles@hotmail.fr,Julie,C
2188,beverley.telesio@regnier.fr,Beverley,T
5497,corinne.mitschke@hauffer.net,Corinne,M
5711,valerie.ortega@tele2.it,Valerie,O
4076,carlos.delle@hicks.com,Carlos,D
1847,christina.besnard@delorme.com,Christina,B
2816,rosario.jacques@yahoo.com,Rosario,Ja
5019,celal.fischer@aol.de,Celal,F
4869,leonardo.guzman@andreozzi-abba.com,Leonardo,G
3613,clinton.mason@yahoo.com,Clinton,Ma
3069,loretta.mallet@sansoni-toscani.it,Loretta,Ma
2601,lorenzo.roero@hotmail.co.uk,Lorenzo,R
2133,lando.gutierrez@heser.com,Lando,G
3164,elaine.patterson@rose-morris.org,Elaine,Pa
3897,marcella.govoni@barkholz.net,Marcella,G
5663,ettore.amaldi@germain.com,Ettore,A
3879,rufino.gallegos@webster-newton.co.uk,Rufino,Ga
5900,georges.richards@macdonald.com,Georges,R
2272,janice.infantino@hotmail.com,Janice,I
5436,svetlana.montanariello@putz.de,Svetlana,M
3676,agnolo.cedillo@laboratorios.biz,Agnolo,C
4676,hannah.jockel@ceravolo-tonisto.eu,Hannah,J
1563,yvonne.stout@sims.edu,Yvonne,S
4349,anouk.pace@gmail.com,Anouk,Pa
1658,esteban.valdez@hotmail.com,Esteban,Va
2552,angelina.davies@hotmail.com,Angelina,Da
4847,anastasie.cadena@live.com,Anastasie,Ca
1553,hansjoachim.lettiere@hall-mcdaniel.net,Hansjoachim,L
2632,yeni.tejada@olson.edu.au,Yeni,T
1908,dulce.adinolfi@hotmail.com,Dulce,A
5801,sean.mielcarek@gmail.com,Sean,M
1935,omar.fonseca@grupo.org,Omar,F
2609,henry.gucci@leleu.fr,Henry,G
2740,samira.bottaro@vasseur.fr,Samira,B
1907,korinna.arnold@zapata-saenz.biz,Korinna,A
1831,marcela.ferrante@gmx.de,Marcela,F
5177,douglas.amaya@favata-brenna.net,Douglas,A
6179,katherina.barrientos@trobbiani.eu,Katherina,Ba
2917,brittany.tran@tele2.it,Brittany,T
1486,caroline.reeves@yahoo.com,Caroline,R
3735,joe.michaud@yahoo.fr,Joe,M
3838,marco.vittadello@gmail.com,Marco,V
2430,kim.webb@yahoo.com.au,Kim,W
2480,eugenia.zichichi@yahoo.com,Eugenia,Z
3431,aurore.rosemann@leoncavallo-rusticucci.com,Aurore,R
1742,giustino.luzi@rolland.fr,Giustino,L
4628,anita.galindo@gmail.com,Anita,Ga
2385,gunhild.carrillo@elliott-gilbert.org,Gunhild,Ca
2213,rosa.paul@bien.com,Rosa,Pa
5188,marliese.oneal@gmail.com,Marliese,O
3418,bethany.hartmann@yahoo.com,Bethany,Ha
5637,irina.martineau@gmail.com,Irina,Ma
3530,beatriz.moulin@pinto.com,Beatriz,M
3731,lucas.austin@gmail.com,Lucas,A
3219,carole.nohlmans@yahoo.com,Carole,N
2392,bozena.schmitt@vallet.com,Bozena,S
5103,aimee.foconi@outlook.com,Aimee,F
3992,marzena.carrero@roskoth.de,Marzena,Ca
2442,raisa.poulain@fastwebnet.it,Raisa,P
2913,marcantonio.bennett@hopkins.com.au,Marcantonio,B
1631,kenneth.hurst@meunier.net,Kenneth,H
4073,marisela.mende@godoy-enriquez.com,Marisela,M
4568,blanka.villareal@monduzzi.net,Blanka,V
1830,tomislav.stoppani@corporacin.org,Tomislav,S
2623,krystal.ammaniti@barbier.fr,Krystal,A
4327,deanna.aporti@bouygtel.fr,Deanna,A
3713,donatella.burns@yahoo.de,Donatella,B
2389,margrit.hooper@douglas.com,Margrit,H
5141,baccio.marcacci@laposte.net,Baccio,Ma
3522,alfio.roman@hotmail.co.uk,Alfio,R
1334,soledad.soto@hotmail.de,Soledad,S
4721,josh.cimarosa@hotmail.com,Josh,C
3768,nath.rico@yahoo.com,Nath,R
1639,gary.armani@web.de,Gary,A
5149,miriam.oquendo@smith-watson.biz,Miriam,O
2153,monica.mohaupt@live.com,Monica,M
2767,alec.ho@parra-esparza.com,Alec,H
5124,harry.fouquet@ibarra-cooper.com,Harry,F
2097,arcelia.babati@orange.fr,Arcelia,Ba
4796,trinidad.vespa@gmail.com,Trinidad,V
5849,colette.ryan@hotmail.com,Colette,R
1495,richard.andre@porras.org,Richard,A
2462,ellinor.leclercq@gmail.com,Ellinor,L
2280,patricio.guillon@web.de,Patricio,G
1877,kirsten.chindamo@carrillo-wall.com,Kirsten,C
6108,leo.petruzzi@yahoo.com,Leo,P
4427,margot.tomaselli@junck.org,Margot,T
2881,ansaldo.marks@patel-odonnell.com,Ansaldo,Ma
2339,regina.morin@barcaccia.net,Regina,M
5156,karla.medici@yahoo.com,Karla,M
4750,morgan.irizarry@williams-harris.biz,Morgan,I
4852,natividad.wong@hoevel.com,Natividad,W
5734,anna.freeman@snyder.net,Anna,F
3801,emilia.vivaldi@garnier.fr,Emilia,V
4474,gerda.cook@tin.it,Gerda,C
1992,andrey.faure@frederick-mitchell.info,Andrey,Fa
5796,charlotte.duke@ochoa.org,Charlotte,D
1373,cindy.castillo@virgilio.it,Cindy,Ca
1879,hiltrud.thibault@barbe.com,Hiltrud,T
3072,kasimir.jaime@gmail.com,Kasimir,Ja
4561,sabine.lachmann@phillips.org,Sabine,La
5201,andrea.arroyo@yahoo.com.au,Andrea,A
5871,matthew.velasquez@gmail.com,Matthew,V
3041,severino.linares@angeli.com,Severino,L
5864,swantje.lomeli@gmx.de,Swantje,L
3999,marcus.espino@comolli.eu,Marcus,E
4849,allen.gates@gmail.com,Allen,Ga
5461,mauricio.saunders@hotmail.co.uk,Mauricio,Sa
5946,gilbert.cornejo@hotmail.com,Gilbert,C
4508,letizia.gulotta@howard.biz,Letizia,G
5096,etta.gutknecht@leconte.net,Etta,G
5443,shelley.perry@gierschner.de,Shelley,P
2165,geoffrey.williams@poste.it,Geoffrey,W
2125,cory.stewart@voila.fr,Cory,S
6141,kristy.bartlett@outlook.com,Kristy,Ba
5245,gianluca.beck@green.biz,Gianluca,B
2190,guido.krein@gmail.com,Guido,K
2243,leif.monnier@querini.it,Leif,M
3336,jonas.badoer@kennedy.biz,Jonas,Ba
3305,devin.ebert@yahoo.fr,Devin,E
6191,slobodan.camiscione@hotmail.com,Slobodan,Ca
1326,volkmar.gauthier@hotmail.com,Volkmar,Ga
6159,jordan.rowe@outlook.com,Jordan,R
2003,manon.daugherty@segre.com,Manon,Da
5881,estela.segovia@vodafone.it,Estela,S
1918,giada.celentano@evans.net,Giada,C
2157,clayton.salcedo@hotmail.co.uk,Clayton,Sa
3149,raven.pinto@hotmail.com,Raven,P
2444,lewis.lewis@pisano.net,Lewis,L
6207,rochus.rousseau@nguyen.com,Rochus,R
5580,belinda.gamez@leleu.com,Belinda,Ga
5942,angelo.lozano@macias.com,Angelo,L
1592,jorge.monti@clement.fr,Jorge,M
2344,ricky.harrell@martin.edu,Ricky,Ha
5995,adriano.wulf@schmidtke.net,Adriano,W
5022,pompeo.bourdon@gmail.com,Pompeo,B
5991,kristie.garrett@wernecke.com,Kristie,Ga
4020,lodovico.conley@yahoo.com,Lodovico,C
6028,jean.berthelot@oscuro.it,Jean,B
2790,tadeusz.medina@jackson-clark.net,Tadeusz,M
4033,ruby.carriera@hotmail.it,Ruby,Ca
1261,theres.antonioni@hotmail.com,Theres,A
1979,gloria.morton@outlook.com,Gloria,M
2122,graziano.jensen@gmail.com,Graziano,J
4506,gianpaolo.massey@bouvier.com,Gianpaolo,Ma
3016,alain.farmer@hotmail.it,Alain,Fa
3272,renato.murillo@club.com,Renato,M
1375,edda.ferraris@libero.it,Edda,F
4014,luce.marty@waehner.org,Luce,Ma
3199,rotraud.mitchell@laboratorios.com,Rotraud,M
2184,israel.watkins@hotmail.com,Israel,Wa
2170,nathan.jennings@kim.com,Nathan,J
1478,gavin.proietti@gmx.de,Gavin,P
6163,emma.rios@yahoo.com.au,Emma,R
1889,todd.douglas@web.de,Todd,D
5912,oscar.holsten@yahoo.com,Oscar,H
2537,ann.peron@grupo.biz,Ann,P
2118,senta.grassi@hotmail.com,Senta,G
3234,kata.mena@gmail.com,Kata,M
3842,gianfranco.hethur@stewart-lee.com.au,Gianfranco,H
3032,florentine.saraceno@gmail.com,Florentine,Sa
3238,giuliano.bolzmann@pacillo.it,Giuliano,B
2059,alwine.kostolzin@holloway.com,Alwine,K
5238,giacinto.briggs@yahoo.co.uk,Giacinto,B
2578,holly.negrete@hotmail.com,Holly,N
4789,mark.trapanese@gmail.com,Mark,T
2357,alyssa.brun@chittolini-spadafora.it,Alyssa,B
1235,cristina.chevalier@proyectos.com,Cristina,C
3558,shannon.lefevre@gmail.com,Shannon,L
1707,logan.hornich@tin.it,Logan,H
2842,rosalia.toro@free.fr,Rosalia,T
5318,reiner.poerio@yahoo.com,Reiner,P
1620,valentina.pages@hotmail.de,Valentina,Pa
4998,enrico.fabre@gmail.com,Enrico,Fa
3111,sevim.begue@yahoo.com.au,Sevim,B
1424,sonja.patberg@hotmail.com,Sonja,Pa
3244,christine.hiller@yahoo.com,Christine,H
4643,maik.beasley@harper-brooks.biz,Maik,B
6132,elliot.santana@gmx.de,Elliot,Sa
3790,eloy.renzi@gmail.com,Eloy,R
1312,wolf.lutz@nichols-jackson.com.au,Wolf,L
5686,giuseppe.lee@mahe.org,Giuseppe,L
2111,angelica.cuellar@zaguri-bellucci.net,Angelica,C
5685,bekir.normand@yahoo.de,Bekir,N
1905,carmine.gonzales@schleich.net,Carmine,G
3271,marianne.hubert@hotmail.com,Marianne,H
4178,gonzalo.montes@hotmail.com,Gonzalo,M
3275,shelly.guichard@gmail.com,Shelly,G
5713,tobias.carbajal@live.com,Tobias,Ca
3339,santiago.berry@aol.de,Santiago,B
5585,emilio.davenport@zamora-russo.net,Emilio,Da
4407,maurizio.gute@knight.info,Maurizio,G
1941,nadia.travaglio@colletti-broggini.com,Nadia,T
4690,elisa.barkholz@sfr.fr,Elisa,Ba
3607,cristal.mazzini@gmail.com,Cristal,Ma
2670,trevor.granados@gmail.com,Trevor,G
5261,matthieu.mcdonald@morrison.org,Matthieu,M
4121,juliette.preston@gmail.com,Juliette,P
4620,stanislaw.montalvo@mcpherson-hughes.info,Stanislaw,M
4630,lilia.lollobrigida@le.com,Lilia,L
3440,brigitta.shaw@hotmail.co.uk,Brigitta,S
3572,rebeca.frey@gerard.fr,Rebeca,F
5306,nicolas.palacios@meraz.com,Nicolas,Pa
5122,susanna.bonneau@klingelhoefer.de,Susanna,B
1368,romina.valentine@hotmail.com,Romina,Va
5370,erika.toussaint@sfr.fr,Erika,T
5636,lothar.laurent@garcia.com.au,Lothar,La
6033,chelsea.verdugo@campbell.com,Chelsea,V
3599,ria.venier@murillo-estevez.com,Ria,V
5566,carly.summers@yahoo.co.uk,Carly,S
1873,pasquale.tomasini@hotmail.co.uk,Pasquale,T
3904,stefani.ughi@hotmail.it,Stefani,U
4453,jose.huang@gmx.de,Jose,H
5481,petros.gaona@googlemail.com,Petros,Ga
2987,maximilian.siering@gaito-fornaciari.org,Maximilian,S
2431,ermenegildo.holzapfel@aol.de,Ermenegildo,H
4158,damien.leger@dixon.biz,Damien,L
3753,zeferino.barrera@zedillo-velazquez.com,Zeferino,Ba
4391,alfred.pohl@fechner.net,Alfred,P
2026,marissa.gaito@reed-campbell.edu,Marissa,Ga
4547,ariana.houston@hotmail.it,Ariana,H
2798,victor.jacobs@young.com,Victor,Ja
4732,henriette.lang@mimun.it,Henriette,La
5126,wilfriede.baca@caraballo.com,Wilfriede,Ba
5151,lucia.riviere@samaniego.biz,Lucia,R
2134,gordon.vigorelli@solano.com,Gordon,V
5786,diethard.salgado@gmail.com,Diethard,Sa
5515,sue.corrales@cardenas-serna.org,Sue,C
4530,arthur.salazar@yahoo.com.au,Arthur,Sa
4088,fortunata.schneider@tiscali.it,Fortunata,S
3667,gretchen.serna@pichon.org,Gretchen,S
3286,egon.caron@hotmail.com,Egon,Ca
4804,roberta.finzi@knight-davies.co.uk,Roberta,F
5768,editha.savage@davies.co.uk,Editha,Sa
6098,allan.emanuelli@fernandes.org,Allan,E
2508,laurence.lucero@martin.org,Laurence,L
5779,istvan.draghi@ifrance.com,Istvan,D
1717,luigi.bonnet@carriera-federico.it,Luigi,B
3368,yuridia.fantozzi@mcdonald.com,Yuridia,Fa
4265,eraldo.schmiedt@hotmail.de,Eraldo,S
4455,antoinette.cox@bustamante.com,Antoinette,C
2940,cameron.ocampo@hotmail.com.au,Cameron,O
6144,lynn.lawson@leclercq.com,Lynn,La
3657,natalia.seifert@ifrance.com,Natalia,S
1537,nuray.anguillara@yahoo.co.uk,Nuray,A
2116,beate.morgan@gmail.com,Beate,M
5102,mario.rees@gmx.de,Mario,R
5815,galasso.junken@yahoo.co.uk,Galasso,J
4250,luca.moses@franke.de,Luca,M
4533,aurelio.gertz@hewitt.net,Aurelio,G
3329,uberto.steele@outlook.com,Uberto,S
3606,annie.hunter@allen.co.uk,Annie,H
4749,jo.mccarty@hotmail.com,Jo,M
2222,eitel.lombard@thomas.net,Eitel,L
1939,susan.vigliotti@yahoo.co.uk,Susan,V
2456,jacqueline.germano@valette.fr,Jacqueline,G
2794,fidel.ruppert@yahoo.co.uk,Fidel,R
2648,margaret.eigenwillig@yahoo.com,Margaret,E
2545,yvette.harding@yahoo.co.uk,Yvette,Ha
3273,federigo.karge@bohlander.com,Federigo,Ka
6155,guenther.armenta@free.fr,Guenther,A
6064,coriolano.higgins@murphy.org.au,Coriolano,H
1729,felix.rubio@ebert.de,Felix,R
4969,melanie.leveque@fleury.net,Melanie,L
3402,abbie.galeati@ubaldi.it,Abbie,Ga
2810,vittorio.caccioppoli@yahoo.com,Vittorio,Ca
2217,biagio.valenzuela@robinson.info,Biagio,Va
5140,dario.green@live.com,Dario,G
4497,alwina.textor@poste.it,Alwina,T
5100,diether.baeza@grupo.biz,Diether,Ba
3390,sole.trevino@hotmail.com,Sole,T
1926,darren.bernardi@brooks-martin.com,Darren,B
3264,martina.heser@morellato.it,Martina,H
2573,bethan.giacometti@gmail.com,Bethan,G
3628,ethan.duhamel@sfr.fr,Ethan,D
3826,corrado.warren@hotmail.com.au,Corrado,Wa
5983,damian.pulido@yahoo.de,Damian,P
5678,dino.osborne@despacho.com,Dino,O
2093,nicolaus.bernetti@aol.de,Nicolaus,B
5333,gianna.carroll@perez.com,Gianna,Ca
5139,grit.knight@web.de,Grit,K
3173,erin.weinhold@hotmail.fr,Erin,W
3333,craig.jordan@gmail.com,Craig,J
2262,homero.respighi@gmail.com,Homero,R
1531,fanny.pertile@gmail.com,Fanny,P
4881,fridolin.comboni@graf.com,Fridolin,C
3928,hugh.cantu@libero.it,Hugh,Ca
1803,alphons.simmons@hotmail.com,Alphons,S
2321,ludovico.cafarchia@gmail.com,Ludovico,Ca
6234,nico.kaiser@almonte.com,Nico,Ka
1422,kirsty.lamy@alonzi.it,Kirsty,La
2660,joshua.scheibe@turci.org,Joshua,S
5361,carin.pineau@yahoo.com,Carin,P
3420,ellie.galarza@pareto-cattaneo.net,Ellie,Ga
4337,marion.lira@ifrance.com,Marion,L
2338,aurelia.angiolello@lord.com,Aurelia,A
4140,maura.ravaglioli@yahoo.com,Maura,Ra
2373,brunhilde.fletcher@schomber.de,Brunhilde,F
1344,ottfried.marques@tyler-watson.info,Ottfried,Ma
2141,christelle.blasi@morris-chan.com,Christelle,B
3415,augusto.vercelloni@club-internet.fr,Augusto,V
5696,michela.pruvost@holt.co.uk,Michela,P
1798,guarino.escalante@hotmail.com,Guarino,E
1657,gabriela.padilla@pearson-russell.com,Gabriela,Pa
3651,agathe.dias@jackson.com,Agathe,D
3574,werner.kallert@gmail.com,Werner,Ka
6063,lore.delaunay@yahoo.com,Lore,D
2404,enzio.campos@tim.it,Enzio,Ca
2705,walther.duarte@web.de,Walther,D
5059,adelgunde.trevisan@gmail.com,Adelgunde,T
5466,thierry.schwartz@travaglio.net,Thierry,S
5821,katie.andersen@haney.com.au,Katie,A
5385,kathy.zamorani@hotmail.com,Kathy,Za
3506,giuseppina.tanguy@wanadoo.fr,Giuseppina,Ta
5427,jack.klapp@hotmail.com.au,Jack,K
6142,tom.leconte@woods-johnson.com,Tom,L
2873,bonnie.cignaroli@yahoo.com,Bonnie,C
3916,danny.farrell@hotmail.com,Danny,Fa
1687,fiorenzo.bauer@gmail.com,Fiorenzo,Ba
1542,randy.alfieri@verri.org,Randy,A
3087,tim.bradley@schlosser.de,Tim,B
3857,yves.mendez@gmail.com,Yves,M
5921,raffaella.esquivel@gmail.com,Raffaella,E
3144,lawrence.vasari@castillo.edu,Lawrence,Va
2676,sam.adams@yahoo.com,Sam,A
3646,mirco.nicolini@blin.net,Mirco,N
1321,graham.bajardi@yahoo.com,Graham,Ba
1399,luc.quinn@walker.com,Luc,Q
3169,stella.ullrich@hotmail.com.au,Stella,U
2058,calcedonio.remy@edwards-benton.com,Calcedonio,R
1300,nanni.almaraz@martin.com,Nanni,A
2075,pascual.corradi@lopez.net.au,Pascual,C
2984,kristi.grant@yahoo.co.uk,Kristi,G
4768,manuel.gracia@trussardi.eu,Manuel,G
3682,gionata.hussain@yahoo.com,Gionata,H
5901,maria.nguyen@hernadez.com,Maria,N
3540,leon.baker@hotmail.com,Leon,Ba
2225,gianmarco.alcaraz@zacchia.net,Gianmarco,A
1485,derrick.little@small.org,Derrick,L
5343,terry.ramirez@hotmail.co.uk,Terry,Ra
5594,katarina.clarke@hotmail.com.au,Katarina,C
2482,leila.washington@gmail.com,Leila,Wa
2706,mirko.townsend@schmitt.com,Mirko,T
4861,randall.connolly@jovinelli-castelli.com,Randall,C
2961,pia.burgess@proyectos.org,Pia,B
3043,justine.mancini@tiscali.it,Justine,Ma
6103,reynaldo.wagenknecht@faure.com,Reynaldo,Wa
4708,toni.magrassi@gmail.com,Toni,Ma
4395,patrizio.cisneros@martinez.edu.au,Patrizio,C
4912,durante.lindner@picard.fr,Durante,L
2030,rosl.lamborghini@hiller.net,Rosl,La
5235,ugo.harrison@morley-chapman.co.uk,Ugo,Ha
5001,isidor.carpenter@chauvin.com,Isidor,Ca
4093,marie.zoppetto@kallert.de,Marie,Z
2576,branko.chambers@ifrance.com,Branko,C
6122,alan.pineda@proyectos.info,Alan,P
2813,carmen.oestrovsky@gmail.com,Carmen,O
3737,shane.fernandez@hotmail.de,Shane,F
2803,debbie.guilbert@berg.edu,Debbie,G
5508,vito.dossi@hotmail.co.uk,Vito,D
3850,evan.schacht@price.com,Evan,S
4220,mandy.weston@free.fr,Mandy,W
4532,paulo.zito@nelson.biz,Paulo,Z
6013,alberto.girschner@laboratorios.com,Alberto,G
3396,giacomo.bouvet@gmail.com,Giacomo,B
4401,ehrentraud.puga@laboratorios.com,Ehrentraud,P
2981,cristian.hale@hotmail.co.uk,Cristian,Ha
4467,lilija.charles@gmail.com,Lilija,C
1377,albert.legendre@lee.com,Albert,L
5036,marisa.renaud@smith.org,Marisa,R
5761,sharon.diallo@gmail.com,Sharon,D
3699,eduardo.delattre@lynch.net.au,Eduardo,D
4519,bernadette.wang@gmail.com,Bernadette,Wa
5395,dina.gibbons@brewer.net,Dina,G
3057,clara.armstrong@vodafone.it,Clara,A
2741,elliott.herrmann@hotmail.com.au,Elliott,H
1675,graziella.vidal@hotmail.com,Graziella,V
2712,francisca.becerra@young.com.au,Francisca,B
4527,edeltrud.boyer@outlook.com,Edeltrud,B
1722,julian.noble@hill.org.au,Julian,N
4330,christophe.bohnbach@ifrance.com,Christophe,B
5219,ippazio.angulo@yahoo.com,Ippazio,A
4997,grace.kroker@hotmail.com,Grace,K
2239,jared.ferguson@roberts.com,Jared,F
4587,virginie.mclean@yahoo.com,Virginie,M
4113,mason.potter@gmail.com,Mason,P
4762,aaron.anaya@hotmail.com.au,Aaron,A
5242,leah.ornelas@gmail.com,Leah,O
5765,harald.roy@web.de,Harald,R
2185,micaela.martel@hotmail.com,Micaela,Ma
5500,vincentio.sanders@voila.fr,Vincentio,Sa
3494,bettina.norbiato@allen-lutz.org,Bettina,N
3924,julio.renner@industrias.net,Julio,R
3521,jelena.stiffel@trupp.de,Jelena,S
5262,guadalupe.munoz@murray-hamilton.com.au,Guadalupe,M
3684,whitney.noack@laboratorios.org,Whitney,N
5784,gelsomina.migliaccio@junk.com,Gelsomina,M
1498,evangelista.pereira@thompson-peterson.biz,Evangelista,P
6073,gareth.comolli@tiscali.fr,Gareth,C
4939,michelangelo.hess@bouygtel.fr,Michelangelo,H
